Alert ID,Alert Type,Timestamp,Source IP,Source Port,Destination IP,Destination Port,Protocol,TTL,TOS,ID,IpLen,DgmLen,Flags,Seq,Ack,Win
7792,DDoS SYN Flood,02/05-12:34:46,34.148.241.41,37390,144.42.82.108,20243,TCP,84,0,7205,20,1330,F,297061,304541,9338
8693,Brute Force SSH Attack,02/05-12:34:51,149.115.27.8,61486,154.177.32.10,17832,TCP,116,0,8863,20,1490,S,711059,336266,3149
6616,SQL Injection Attempt,02/05-12:34:31,97.140.146.79,48291,242.75.244.43,6633,TCP,57,0,2627,20,739,F,507803,581346,57973
4524,Port Scan Detected,02/05-12:34:56,245.77.180.196,15032,233.5.50.32,24893,TCP,57,0,2040,20,809,P,258959,827992,8846
2096,SQL Injection Attempt,02/05-12:34:18,36.246.209.99,16052,67.70.175.170,60591,TCP,128,0,1216,20,758,R,931975,245260,8128
9910,Malware C&C Communication,02/05-12:34:33,81.132.84.115,23841,145.54.228.191,40356,TCP,98,0,2530,20,1054,S,207616,792553,55774
4794,XSS Attack Attempt,02/05-12:34:27,143.227.196.184,55439,77.160.216.147,49085,TCP,42,0,8403,20,826,R,745167,547296,3371
9277,XSS Attack Attempt,02/05-12:34:46,9.172.195.191,22076,74.10.144.42,55585,TCP,67,0,4654,20,299,A,567765,392945,57761
4036,Port Scan Detected,02/05-12:34:44,70.236.97.9,37663,184.163.242.78,28804,TCP,92,0,4979,20,47,A,925117,612871,39812
4345,Malware C&C Communication,02/05-12:34:52,152.27.28.84,1925,39.119.68.99,33982,TCP,97,0,8213,20,886,S,451320,765457,9481
7237,XSS Attack Attempt,02/05-12:34:39,198.119.225.162,11622,211.89.116.55,10915,TCP,120,0,4565,20,1223,R,779976,895001,56504
8845,XSS Attack Attempt,02/05-12:34:18,199.31.102.27,45674,211.215.48.26,14620,TCP,88,0,1314,20,1222,A,702128,941174,41300
1481,Malware C&C Communication,02/05-12:34:37,226.183.216.122,52123,67.53.100.38,58387,TCP,68,0,4294,20,49,F,270281,575015,30564
4107,SQL Injection Attempt,02/05-12:34:29,155.197.65.228,1828,54.143.107.22,31109,TCP,39,0,6048,20,1115,S,536512,568222,17258
6886,XSS Attack Attempt,02/05-12:34:27,142.124.231.40,50577,251.60.28.78,54319,TCP,108,0,3058,20,980,P,581789,818333,2796
2716,Brute Force SSH Attack,02/05-12:34:20,167.142.16.11,48871,224.55.170.29,19780,TCP,102,0,5097,20,1320,P,408490,385272,8512
5693,Port Scan Detected,02/05-12:34:45,131.208.119.146,47792,2.249.205.58,21674,TCP,110,0,3869,20,147,A,799727,289074,44155
7007,Malware C&C Communication,02/05-12:34:48,173.93.110.196,22562,101.175.38.156,61343,TCP,67,0,1136,20,259,R,628070,537022,26916
6772,Brute Force SSH Attack,02/05-12:34:34,155.58.31.40,11836,94.17.14.58,4815,TCP,104,0,9866,20,998,A,778456,520144,30353
2488,Brute Force SSH Attack,02/05-12:34:51,110.252.65.80,43564,136.150.242.121,58022,TCP,86,0,5159,20,1143,S,358343,802804,64721
5301,XSS Attack Attempt,02/05-12:34:53,176.241.124.131,5147,181.25.255.150,4860,TCP,111,0,9643,20,1423,F,933126,535903,54515
5455,XSS Attack Attempt,02/05-12:34:14,198.52.70.205,39321,218.74.152.121,30229,TCP,70,0,3630,20,784,R,310986,348968,29959
3895,XSS Attack Attempt,02/05-12:34:48,45.235.213.62,34979,53.199.110.183,60218,TCP,93,0,6344,20,1478,F,159696,848493,58760
2535,Brute Force SSH Attack,02/05-12:34:33,6.218.191.29,18730,33.156.116.39,25249,TCP,98,0,6063,20,330,F,452324,657326,38171
2730,Brute Force SSH Attack,02/05-12:34:39,67.202.1.65,51252,121.155.164.109,38538,TCP,58,0,9098,20,865,P,619149,232959,33457
7172,Malware C&C Communication,02/05-12:34:28,175.241.121.227,41732,198.174.118.244,19080,TCP,118,0,9864,20,807,R,521285,399223,25387
8964,Malware C&C Communication,02/05-12:34:42,254.194.84.104,5323,189.153.250.103,57080,TCP,72,0,5609,20,475,R,845481,885926,26805
4970,Brute Force SSH Attack,02/05-12:34:21,208.217.100.145,17692,133.39.202.24,46351,TCP,98,0,5433,20,1000,U,363132,615032,33396
8133,DDoS SYN Flood,02/05-12:34:17,158.106.229.188,4690,188.66.37.78,16400,TCP,73,0,1552,20,212,A,274299,581094,30702
8120,XSS Attack Attempt,02/05-12:34:28,196.150.176.163,9640,214.36.205.95,41360,TCP,90,0,2787,20,1305,U,891584,822761,1810
8604,XSS Attack Attempt,02/05-12:34:46,104.181.235.156,55660,27.118.171.182,55849,TCP,109,0,6653,20,721,S,236098,861615,38410
4860,XSS Attack Attempt,02/05-12:34:22,126.31.152.175,44854,9.236.131.28,43971,TCP,36,0,8351,20,1319,S,446161,945929,51326
9271,Brute Force SSH Attack,02/05-12:34:36,104.74.184.12,35097,92.249.224.208,35311,TCP,119,0,8860,20,1016,F,224072,736617,14596
2660,Port Scan Detected,02/05-12:34:15,138.40.213.223,46859,9.22.223.23,10088,TCP,47,0,2719,20,1006,S,430112,961522,49987
8052,Malware C&C Communication,02/05-12:34:32,10.9.196.226,15526,19.241.240.113,34953,TCP,54,0,1810,20,595,F,475840,788025,3108
2831,SQL Injection Attempt,02/05-12:34:21,211.81.39.39,63802,117.42.222.138,60352,TCP,108,0,5787,20,718,F,758732,108271,28211
4544,XSS Attack Attempt,02/05-12:34:54,220.226.22.158,23877,48.124.159.203,14381,TCP,61,0,8395,20,612,P,195644,175273,42082
3304,Port Scan Detected,02/05-12:34:56,109.109.103.93,53851,11.229.13.117,51315,TCP,66,0,6423,20,721,R,978110,425242,11525
8094,DDoS SYN Flood,02/05-12:34:55,167.102.58.66,27001,171.187.154.166,60231,TCP,115,0,1820,20,727,S,456327,384258,29179
2254,XSS Attack Attempt,02/05-12:34:40,186.141.169.71,46012,206.6.174.236,47056,TCP,82,0,3571,20,1228,S,755189,612395,11335
6854,Malware C&C Communication,02/05-12:34:45,236.47.139.198,59216,209.16.58.19,61506,TCP,114,0,4079,20,1373,P,242121,366127,34906
5990,Malware C&C Communication,02/05-12:34:19,242.133.232.120,6283,20.8.132.36,6936,TCP,111,0,6274,20,1179,F,640062,602301,13295
8080,XSS Attack Attempt,02/05-12:34:11,117.86.145.46,62683,110.214.15.119,35790,TCP,117,0,8971,20,1004,A,554910,796019,28937
6209,Malware C&C Communication,02/05-12:34:35,242.116.28.229,17404,62.30.59.118,20770,TCP,107,0,2297,20,276,R,670394,678132,28911
5131,XSS Attack Attempt,02/05-12:34:53,60.197.234.117,57448,73.63.69.29,10832,TCP,38,0,5110,20,70,S,701062,162738,18524
5460,XSS Attack Attempt,02/05-12:34:44,43.189.117.82,51637,153.206.55.71,9623,TCP,74,0,2159,20,182,P,729814,480460,16123
6631,Malware C&C Communication,02/05-12:34:59,202.219.197.145,56961,171.176.99.75,17371,TCP,108,0,7394,20,421,P,581855,894801,42522
7992,DDoS SYN Flood,02/05-12:34:45,252.248.235.62,18069,10.174.195.16,14331,TCP,128,0,6207,20,583,P,142366,795743,17732
3784,Brute Force SSH Attack,02/05-12:34:43,163.7.121.133,12145,195.217.241.237,34990,TCP,64,0,9040,20,111,A,802402,339424,42948
4306,SQL Injection Attempt,02/05-12:34:12,189.59.35.105,55858,123.185.220.195,57479,TCP,51,0,2466,20,1202,R,317035,816004,7661
4249,Malware C&C Communication,02/05-12:34:49,139.54.57.240,18047,25.138.122.32,23216,TCP,75,0,4091,20,662,R,811439,936539,16083
7107,Malware C&C Communication,02/05-12:34:57,228.70.151.34,9768,177.63.91.54,59898,TCP,45,0,1882,20,991,P,890159,775843,64618
4748,Malware C&C Communication,02/05-12:34:32,154.34.103.59,17214,237.206.109.152,57039,TCP,33,0,7043,20,764,P,353953,276346,51332
2406,DDoS SYN Flood,02/05-12:34:56,244.153.2.21,58284,84.58.207.206,46195,TCP,73,0,4960,20,1193,A,809797,314514,33558
7250,XSS Attack Attempt,02/05-12:34:50,237.29.19.183,25987,46.229.70.212,44995,TCP,43,0,2834,20,423,R,420640,706656,65099
7782,Malware C&C Communication,02/05-12:34:23,228.130.227.101,26088,106.238.29.210,61890,TCP,32,0,7010,20,545,P,734197,692320,27549
2004,DDoS SYN Flood,02/05-12:34:20,186.168.142.48,48436,128.138.160.141,30087,TCP,110,0,3723,20,544,F,504794,462781,62869
8465,XSS Attack Attempt,02/05-12:34:34,22.220.79.21,64163,114.252.204.205,4949,TCP,76,0,1327,20,271,U,389607,194506,52062
5512,SQL Injection Attempt,02/05-12:34:18,192.115.98.233,10530,177.8.31.118,48841,TCP,37,0,3696,20,289,R,967980,163113,30614
7171,Brute Force SSH Attack,02/05-12:34:55,221.253.68.86,49765,174.62.46.30,47589,TCP,103,0,8065,20,107,P,927401,132764,18707
3796,Malware C&C Communication,02/05-12:34:17,238.88.119.59,19585,130.83.220.30,31536,TCP,65,0,6798,20,1453,A,977553,742501,61496
4697,Brute Force SSH Attack,02/05-12:34:17,217.175.103.116,18239,16.180.119.82,29958,TCP,112,0,3428,20,1215,R,187464,221383,65489
4734,Brute Force SSH Attack,02/05-12:34:50,210.50.133.231,39054,195.65.234.102,20466,TCP,44,0,4073,20,900,P,565896,226744,3344
6776,XSS Attack Attempt,02/05-12:34:59,46.205.110.25,27268,28.228.197.20,3825,TCP,121,0,5850,20,1344,A,924377,384779,18229
5562,DDoS SYN Flood,02/05-12:34:30,236.99.211.235,18246,5.27.23.123,57849,TCP,36,0,5416,20,465,R,903623,930843,22176
6071,XSS Attack Attempt,02/05-12:34:14,157.245.72.254,59612,182.68.224.29,26640,TCP,67,0,2357,20,1058,P,569308,925164,41471
4871,Malware C&C Communication,02/05-12:34:28,231.246.128.15,63590,47.60.76.252,23020,TCP,54,0,7983,20,524,U,140264,830152,48013
1878,Port Scan Detected,02/05-12:34:49,206.134.9.201,35475,3.140.255.222,56759,TCP,112,0,8319,20,1339,R,328179,835214,57335
7016,DDoS SYN Flood,02/05-12:34:12,104.37.142.166,31140,240.214.181.202,29696,TCP,52,0,4916,20,1468,P,380621,460134,64709
9151,Malware C&C Communication,02/05-12:34:13,203.112.86.220,51061,132.80.212.91,61813,TCP,119,0,3078,20,590,P,753784,731424,44834
4335,Malware C&C Communication,02/05-12:34:28,93.188.73.235,41311,43.88.218.15,29525,TCP,93,0,5274,20,1067,A,172236,494474,45829
8635,Port Scan Detected,02/05-12:34:27,251.20.170.62,29410,240.133.58.82,51067,TCP,44,0,3248,20,107,U,700212,537242,62393
6725,Port Scan Detected,02/05-12:34:39,51.236.62.52,63430,140.87.185.222,49289,TCP,32,0,5033,20,198,R,417975,326919,39078
4708,DDoS SYN Flood,02/05-12:34:42,122.205.204.109,6910,147.180.159.206,51830,TCP,91,0,2829,20,647,P,939812,599936,3880
6595,Malware C&C Communication,02/05-12:34:36,27.228.248.72,21004,18.180.47.195,42711,TCP,107,0,5924,20,1169,R,263650,277939,51408
3838,SQL Injection Attempt,02/05-12:34:25,74.191.15.124,25955,243.225.253.140,42244,TCP,85,0,8573,20,615,F,157709,849509,50288
4955,Malware C&C Communication,02/05-12:34:40,102.39.213.32,20388,23.232.149.63,54193,TCP,109,0,5378,20,766,A,604128,895841,41894
1853,SQL Injection Attempt,02/05-12:34:30,243.97.8.89,12044,99.126.135.195,15582,TCP,53,0,1391,20,1432,U,283831,928501,43449
9265,SQL Injection Attempt,02/05-12:34:55,86.115.111.73,36122,106.34.153.210,48570,TCP,125,0,1831,20,1396,U,426415,207510,8468
2186,Port Scan Detected,02/05-12:34:15,35.129.129.143,59703,189.209.207.202,47498,TCP,69,0,8671,20,1097,S,583061,733621,39464
9487,Port Scan Detected,02/05-12:34:30,78.31.51.124,64411,51.146.153.228,14870,TCP,72,0,7218,20,827,U,847822,147033,40611
5245,Malware C&C Communication,02/05-12:34:11,173.33.144.63,41167,196.110.65.64,28919,TCP,73,0,8569,20,747,P,618797,694897,29663
9116,Brute Force SSH Attack,02/05-12:34:38,81.70.129.84,42236,121.164.9.16,19366,TCP,101,0,6622,20,354,U,189044,716012,55373
3675,Brute Force SSH Attack,02/05-12:34:53,56.22.132.48,36564,167.127.28.222,32490,TCP,69,0,6200,20,992,F,585274,974861,31327
7493,Brute Force SSH Attack,02/05-12:34:55,101.159.202.37,64984,192.19.144.250,5988,TCP,102,0,4297,20,421,S,559554,957756,24510
2362,XSS Attack Attempt,02/05-12:34:36,185.251.230.49,22806,59.7.187.119,11493,TCP,103,0,9749,20,924,U,548101,198276,10550
9526,Brute Force SSH Attack,02/05-12:34:13,137.2.174.98,8321,20.106.242.145,48342,TCP,95,0,5635,20,76,P,331411,576235,47336
7828,Brute Force SSH Attack,02/05-12:34:33,233.244.22.101,1975,66.224.83.54,22360,TCP,124,0,1508,20,592,U,133606,431579,60110
8060,XSS Attack Attempt,02/05-12:34:16,145.180.163.134,61706,113.124.173.156,47631,TCP,126,0,5595,20,423,R,289187,454845,9161
4610,Malware C&C Communication,02/05-12:34:22,253.202.142.223,32442,244.177.38.36,46680,TCP,86,0,7444,20,1093,P,186409,402912,58963
3253,XSS Attack Attempt,02/05-12:34:24,78.243.56.39,35033,153.35.189.122,39908,TCP,76,0,9777,20,804,A,913845,925991,17455
6957,Malware C&C Communication,02/05-12:34:36,207.76.125.131,42286,99.70.101.47,54491,TCP,106,0,5681,20,407,S,434695,114378,20124
1577,Brute Force SSH Attack,02/05-12:34:15,220.173.44.227,15947,130.144.142.82,39845,TCP,97,0,5414,20,73,S,699631,833312,35475
7168,XSS Attack Attempt,02/05-12:34:15,101.179.132.92,50671,168.182.189.72,41701,TCP,121,0,6500,20,749,U,801101,364893,60793
5300,Brute Force SSH Attack,02/05-12:34:14,126.186.219.247,20342,86.41.155.146,27823,TCP,44,0,4224,20,1490,A,423281,930321,20338
8165,Brute Force SSH Attack,02/05-12:34:15,85.203.24.25,25147,134.45.226.4,40724,TCP,78,0,6610,20,86,F,463103,489870,63646
7777,XSS Attack Attempt,02/05-12:34:35,5.130.124.69,21772,117.49.56.244,53844,TCP,94,0,9031,20,1274,A,864689,589532,27980
1322,Malware C&C Communication,02/05-12:34:59,125.255.71.143,9166,174.122.111.96,44696,TCP,94,0,5919,20,409,P,612219,982464,19386
3168,XSS Attack Attempt,02/05-12:34:37,130.167.192.103,41523,243.160.10.208,14439,TCP,45,0,4088,20,271,F,287458,836577,59612
4484,DDoS SYN Flood,02/05-12:34:51,159.81.170.43,35252,104.176.44.116,38894,TCP,89,0,3503,20,1425,P,672513,572294,14830
4274,Malware C&C Communication,02/05-12:34:10,100.114.171.55,4600,54.148.75.219,27064,TCP,106,0,6020,20,951,R,468293,613138,48223
4009,SQL Injection Attempt,02/05-12:34:40,71.229.112.118,28166,130.241.183.213,805,TCP,88,0,3757,20,944,F,282209,419566,65058
2135,DDoS SYN Flood,02/05-12:34:27,98.106.250.40,7792,189.241.143.115,31718,TCP,39,0,8132,20,1093,P,134464,535850,14161
7005,DDoS SYN Flood,02/05-12:34:55,65.189.249.92,22565,57.218.67.172,58324,TCP,97,0,9100,20,532,U,697453,793222,21782
4197,DDoS SYN Flood,02/05-12:34:54,99.171.95.159,46171,197.224.173.47,23494,TCP,96,0,4155,20,410,R,413924,222357,43806
6792,Brute Force SSH Attack,02/05-12:34:33,33.85.29.93,62102,95.5.237.149,44050,TCP,88,0,5549,20,907,R,819415,591985,13015
4336,Brute Force SSH Attack,02/05-12:34:18,39.2.153.167,63249,38.178.198.115,3011,TCP,36,0,1509,20,770,R,689903,952957,54083
9558,XSS Attack Attempt,02/05-12:34:41,29.145.117.243,62270,15.112.17.103,63439,TCP,127,0,4514,20,83,P,785519,342846,32506
8897,XSS Attack Attempt,02/05-12:34:32,106.111.149.64,9155,4.182.115.16,3173,TCP,90,0,3848,20,1121,F,795854,366241,35137
2260,SQL Injection Attempt,02/05-12:34:54,214.17.4.27,32095,13.52.224.61,19386,TCP,109,0,3939,20,1285,P,178684,341668,57200
9529,DDoS SYN Flood,02/05-12:34:31,65.128.143.61,25354,85.53.56.30,44061,TCP,110,0,5859,20,873,P,518103,427564,48486
8613,Malware C&C Communication,02/05-12:34:46,223.162.215.251,35513,202.102.142.41,132,TCP,96,0,8478,20,1117,A,267157,594429,45070
6685,SQL Injection Attempt,02/05-12:34:53,201.108.252.78,8191,17.218.223.147,46227,TCP,109,0,3108,20,775,P,885001,752993,34873
1354,Malware C&C Communication,02/05-12:34:58,191.31.239.175,12177,67.202.215.112,32175,TCP,108,0,9507,20,1373,F,765291,749018,12340
5285,Malware C&C Communication,02/05-12:34:32,99.88.12.67,37881,212.69.146.190,8015,TCP,89,0,2208,20,109,R,767059,141210,2676
2429,Brute Force SSH Attack,02/05-12:34:31,157.202.145.96,23131,75.110.79.196,3779,TCP,98,0,6975,20,189,F,483447,751144,54153
6402,Brute Force SSH Attack,02/05-12:34:33,4.63.103.128,3729,116.234.130.194,57388,TCP,59,0,5623,20,539,F,581220,618222,11381
1524,DDoS SYN Flood,02/05-12:34:51,39.244.73.234,65435,71.18.175.38,62862,TCP,106,0,2841,20,563,U,633885,672154,54918
9456,Port Scan Detected,02/05-12:34:27,98.174.147.114,27048,156.168.119.86,42872,TCP,112,0,5349,20,457,F,826513,928938,37906
3259,Port Scan Detected,02/05-12:34:10,47.228.14.228,45458,152.26.197.172,63991,TCP,40,0,4346,20,860,A,176681,764557,60608
9266,Port Scan Detected,02/05-12:34:26,59.71.214.61,12123,216.49.183.231,33848,TCP,91,0,4351,20,627,P,818780,633211,6852
5908,SQL Injection Attempt,02/05-12:34:40,30.179.135.18,52520,169.178.42.179,18620,TCP,81,0,8703,20,325,P,902837,112845,12078
2105,Port Scan Detected,02/05-12:34:33,220.152.52.68,31038,80.229.126.20,15577,TCP,85,0,6089,20,138,P,587432,620742,40444
3731,SQL Injection Attempt,02/05-12:34:49,195.60.241.173,13498,25.242.244.214,45167,TCP,99,0,1164,20,1093,U,965430,523599,44792
6630,Port Scan Detected,02/05-12:34:55,60.180.72.131,36212,90.234.132.122,59703,TCP,110,0,7748,20,267,S,756515,949866,19138
7383,Port Scan Detected,02/05-12:34:57,27.204.128.6,32335,73.121.237.223,5419,TCP,98,0,2682,20,844,F,881033,643905,39686
9726,Port Scan Detected,02/05-12:34:58,150.18.104.128,65124,237.55.65.150,53362,TCP,64,0,5430,20,1294,F,375300,829945,24836
6434,SQL Injection Attempt,02/05-12:34:28,31.190.139.22,62967,5.182.111.236,16660,TCP,92,0,7542,20,409,U,485238,793141,30215
8093,Brute Force SSH Attack,02/05-12:34:42,69.203.58.70,44304,125.156.179.136,41293,TCP,52,0,2343,20,305,F,562842,174589,56680
3704,DDoS SYN Flood,02/05-12:34:35,34.110.16.132,22896,164.66.176.81,31873,TCP,77,0,8396,20,1479,A,643988,484984,50094
1606,XSS Attack Attempt,02/05-12:34:56,121.222.16.28,64132,86.230.164.241,57130,TCP,82,0,7194,20,711,R,333100,351247,15385
6955,DDoS SYN Flood,02/05-12:34:33,225.158.215.235,28897,109.75.13.64,4579,TCP,99,0,4594,20,425,U,906957,679264,36063
1168,SQL Injection Attempt,02/05-12:34:29,211.184.115.4,34829,131.172.221.66,48695,TCP,96,0,6163,20,1038,R,466627,690387,58118
3458,Malware C&C Communication,02/05-12:34:30,232.118.228.138,38879,250.166.53.131,59374,TCP,106,0,7135,20,893,R,463393,701735,31083
3172,XSS Attack Attempt,02/05-12:34:18,19.66.41.36,7367,95.86.37.89,8423,TCP,42,0,2235,20,1404,S,914872,275816,47586
3918,Brute Force SSH Attack,02/05-12:34:56,14.87.220.35,4051,78.162.160.125,38966,TCP,53,0,7288,20,1003,P,387737,104743,29572
2595,Malware C&C Communication,02/05-12:34:12,187.244.111.240,38672,207.177.247.151,20853,TCP,79,0,1691,20,1228,U,107862,823143,53644
7325,Malware C&C Communication,02/05-12:34:29,167.153.127.21,29947,217.168.239.148,55421,TCP,87,0,9850,20,68,R,679253,184788,50334
7231,XSS Attack Attempt,02/05-12:34:39,42.68.151.128,4100,254.124.158.91,52777,TCP,104,0,6328,20,699,S,524300,612467,16677
3977,Malware C&C Communication,02/05-12:34:28,37.247.193.181,33874,110.199.203.153,16518,TCP,98,0,7182,20,1275,R,626090,949897,33480
4752,DDoS SYN Flood,02/05-12:34:10,67.59.76.253,34106,232.192.201.205,6190,TCP,66,0,7422,20,413,U,677980,423323,50606
6170,SQL Injection Attempt,02/05-12:34:12,15.251.59.198,45162,136.179.107.100,12255,TCP,118,0,5011,20,744,P,743969,611976,51082
6659,DDoS SYN Flood,02/05-12:34:52,163.151.154.254,18401,197.255.78.61,64980,TCP,121,0,5422,20,162,F,813639,957863,8526
4756,DDoS SYN Flood,02/05-12:34:23,16.121.66.197,44038,21.232.43.53,56063,TCP,32,0,6936,20,368,P,713895,918023,26814
9852,SQL Injection Attempt,02/05-12:34:12,72.46.247.100,55102,98.93.100.165,26150,TCP,50,0,7638,20,862,A,190300,703099,56132
4791,Malware C&C Communication,02/05-12:34:56,34.197.162.76,20234,147.204.225.32,10248,TCP,80,0,4886,20,833,A,218914,309646,50008
5971,DDoS SYN Flood,02/05-12:34:59,54.251.73.231,39487,118.191.55.69,48991,TCP,32,0,7701,20,850,R,555468,760974,54450
7588,DDoS SYN Flood,02/05-12:34:35,93.187.143.241,7693,250.115.36.213,11594,TCP,45,0,1108,20,254,S,724023,356114,52012
9989,SQL Injection Attempt,02/05-12:34:58,155.230.246.149,43649,133.89.207.106,3866,TCP,124,0,5861,20,458,U,297167,368594,51579
3143,Malware C&C Communication,02/05-12:34:31,170.186.52.163,50741,2.163.35.159,45800,TCP,75,0,6786,20,1112,U,708417,258345,48605
6224,Port Scan Detected,02/05-12:34:26,157.131.248.239,11155,49.96.28.209,22899,TCP,76,0,2767,20,1132,R,268131,911414,45968
6909,Malware C&C Communication,02/05-12:34:41,116.139.107.62,10330,147.118.186.208,35819,TCP,118,0,9711,20,1264,U,871585,961971,51898
7910,XSS Attack Attempt,02/05-12:34:40,239.70.141.228,59967,63.117.162.97,42872,TCP,105,0,7878,20,1165,P,932731,675159,5792
2961,Brute Force SSH Attack,02/05-12:34:56,200.87.30.92,19895,245.157.85.32,20016,TCP,119,0,6718,20,1007,S,530232,741139,14270
9344,Malware C&C Communication,02/05-12:34:26,117.235.189.89,32546,217.180.185.141,46088,TCP,95,0,3183,20,1484,U,191143,689422,16481
6825,Brute Force SSH Attack,02/05-12:34:19,120.89.199.139,35015,103.164.102.126,24731,TCP,62,0,9633,20,687,S,255861,555626,14653
2111,SQL Injection Attempt,02/05-12:34:55,144.47.181.9,44168,75.47.189.31,32114,TCP,32,0,2231,20,1353,F,630055,760088,1787
7414,Malware C&C Communication,02/05-12:34:41,56.178.77.223,20346,225.210.54.40,21206,TCP,103,0,7238,20,118,U,550414,778242,13824
8404,Port Scan Detected,02/05-12:34:19,23.162.143.35,25165,164.134.118.245,15465,TCP,108,0,8093,20,428,R,619718,668807,8797
7134,XSS Attack Attempt,02/05-12:34:18,94.134.63.224,39714,192.29.109.91,64861,TCP,62,0,4497,20,569,A,797904,907662,12152
1776,Port Scan Detected,02/05-12:34:47,63.197.166.170,35521,226.58.189.4,4889,TCP,104,0,2695,20,686,R,364128,462113,14577
8181,Brute Force SSH Attack,02/05-12:34:48,155.12.187.109,31920,253.56.83.5,15696,TCP,46,0,2345,20,995,F,812439,967285,42154
9159,XSS Attack Attempt,02/05-12:34:14,127.11.26.50,41822,46.250.252.204,13227,TCP,67,0,3194,20,1210,A,591227,522729,3854
7204,Port Scan Detected,02/05-12:34:50,127.254.104.41,33227,9.229.173.126,34424,TCP,88,0,6783,20,540,F,981648,942989,42218
9922,XSS Attack Attempt,02/05-12:34:52,237.86.82.106,18145,9.9.55.123,51319,TCP,36,0,8908,20,1285,P,857793,108363,41757
3775,DDoS SYN Flood,02/05-12:34:10,76.196.209.46,46260,101.177.216.1,64586,TCP,114,0,9754,20,93,P,314620,452492,59287
7111,SQL Injection Attempt,02/05-12:34:17,81.119.61.145,7534,125.254.242.228,57375,TCP,50,0,6290,20,927,F,153916,785359,63314
1892,DDoS SYN Flood,02/05-12:34:14,209.119.95.84,19237,242.228.13.220,40175,TCP,122,0,6552,20,1110,S,874704,920898,32341
7995,DDoS SYN Flood,02/05-12:34:46,185.189.111.150,63175,54.152.108.246,47768,TCP,77,0,4789,20,664,A,323756,402874,52465
2821,Malware C&C Communication,02/05-12:34:45,147.71.219.187,7543,232.226.41.236,45959,TCP,82,0,4879,20,986,R,291578,912267,27473
6205,Malware C&C Communication,02/05-12:34:57,229.47.85.95,10266,251.70.237.38,48779,TCP,111,0,8357,20,669,A,994472,987888,60110
1523,Brute Force SSH Attack,02/05-12:34:33,51.6.228.101,28566,77.11.164.48,40746,TCP,65,0,5015,20,1379,F,445117,702655,59222
1904,Port Scan Detected,02/05-12:34:53,168.38.197.130,49512,200.253.86.211,7122,TCP,79,0,9001,20,647,P,103057,387899,20462
4022,SQL Injection Attempt,02/05-12:34:45,222.100.94.22,4366,125.78.201.67,23939,TCP,82,0,6617,20,1309,U,567481,862762,46179
9428,SQL Injection Attempt,02/05-12:34:51,188.20.210.36,39231,27.173.161.229,40396,TCP,62,0,8582,20,1192,F,873089,749181,13199
5040,Port Scan Detected,02/05-12:34:21,108.193.88.3,48717,141.173.235.188,9469,TCP,33,0,8847,20,537,R,586686,730631,40709
3281,Malware C&C Communication,02/05-12:34:39,232.53.168.79,7319,110.190.121.205,51024,TCP,113,0,7870,20,1292,U,111830,925659,16258
5634,Port Scan Detected,02/05-12:34:34,44.72.45.124,43921,105.184.241.219,46075,TCP,51,0,6915,20,832,S,540595,992364,14453
2750,Malware C&C Communication,02/05-12:34:43,216.11.90.13,13573,145.114.122.145,60471,TCP,51,0,4246,20,494,P,119902,790802,24950
7106,Malware C&C Communication,02/05-12:34:33,10.252.130.20,4473,26.142.85.149,21382,TCP,32,0,5580,20,769,R,184681,396520,21708
1110,Malware C&C Communication,02/05-12:34:40,195.137.20.215,28525,20.25.166.24,39100,TCP,86,0,9927,20,1387,F,277012,826462,31633
2663,Malware C&C Communication,02/05-12:34:53,200.172.71.208,25733,203.194.66.95,38030,TCP,102,0,8833,20,510,R,991565,887701,7716
6057,Port Scan Detected,02/05-12:34:55,148.191.200.238,31899,47.14.223.8,17961,TCP,110,0,3081,20,837,S,192221,336574,22947
6381,SQL Injection Attempt,02/05-12:34:33,44.226.183.87,63314,173.173.159.246,40268,TCP,105,0,5088,20,1375,F,245789,945766,35338
2420,DDoS SYN Flood,02/05-12:34:56,18.174.169.201,12813,178.217.63.248,38273,TCP,72,0,7589,20,1223,R,732419,432850,29168
9696,Malware C&C Communication,02/05-12:34:31,118.3.158.29,43765,208.215.31.39,9784,TCP,36,0,7281,20,594,R,870038,128210,58248
9020,Malware C&C Communication,02/05-12:34:34,240.195.17.174,1189,135.225.219.134,56785,TCP,74,0,2776,20,394,R,311314,117903,15940
8676,Malware C&C Communication,02/05-12:34:12,116.196.85.28,6050,170.38.71.182,13446,TCP,67,0,2027,20,1317,F,699225,706059,52458
6430,SQL Injection Attempt,02/05-12:34:24,204.205.215.107,9589,250.138.64.184,18880,TCP,36,0,9194,20,999,A,817702,235682,34573
4596,DDoS SYN Flood,02/05-12:34:17,200.26.241.162,3505,131.11.90.236,44674,TCP,39,0,5537,20,583,S,169184,770837,49166
9655,Brute Force SSH Attack,02/05-12:34:35,14.249.14.154,24408,22.16.53.135,50073,TCP,51,0,8422,20,816,S,626110,961561,32549
2182,SQL Injection Attempt,02/05-12:34:59,31.222.99.211,55753,43.208.113.78,15865,TCP,65,0,3618,20,323,A,640847,962545,23232
4945,SQL Injection Attempt,02/05-12:34:51,217.168.206.143,61996,184.147.196.111,17728,TCP,128,0,9440,20,78,F,792475,549844,23593
5307,Port Scan Detected,02/05-12:34:27,45.196.138.84,20524,115.151.248.248,52525,TCP,103,0,3391,20,1242,F,716146,614106,6870
9812,Brute Force SSH Attack,02/05-12:34:29,118.27.242.230,20717,185.196.88.136,12088,TCP,117,0,7411,20,1285,R,363119,433851,11082
1815,SQL Injection Attempt,02/05-12:34:10,194.75.254.255,49587,87.157.181.7,28077,TCP,82,0,1312,20,426,A,728233,119760,36506
6006,SQL Injection Attempt,02/05-12:34:29,250.221.187.223,46791,14.124.135.77,16058,TCP,53,0,3881,20,234,U,867119,373528,33900
2565,SQL Injection Attempt,02/05-12:34:12,54.67.82.63,61610,73.232.169.175,20047,TCP,82,0,4395,20,941,P,314105,735226,36972
8215,DDoS SYN Flood,02/05-12:34:10,183.41.159.55,29154,25.212.236.55,45067,TCP,122,0,1966,20,681,P,777066,735243,58799
2446,DDoS SYN Flood,02/05-12:34:16,152.47.134.59,39595,187.217.191.173,62012,TCP,51,0,5465,20,152,R,431484,560207,39873
5668,Port Scan Detected,02/05-12:34:37,236.212.222.174,44208,182.19.112.151,30502,TCP,102,0,2000,20,1204,P,411166,359630,56982
3969,SQL Injection Attempt,02/05-12:34:47,63.146.148.91,1226,104.168.145.62,49126,TCP,111,0,8639,20,656,A,467727,557348,18704
6613,Malware C&C Communication,02/05-12:34:23,124.174.181.105,40172,84.103.143.85,28548,TCP,35,0,1656,20,1350,U,690872,175883,58578
3044,XSS Attack Attempt,02/05-12:34:53,91.223.228.45,49804,177.135.67.211,11392,TCP,38,0,4396,20,416,A,818309,452893,23690
7716,Port Scan Detected,02/05-12:34:56,4.151.67.162,8861,68.30.197.119,22602,TCP,96,0,2998,20,329,U,344309,394491,50014
2791,Brute Force SSH Attack,02/05-12:34:49,180.180.107.23,1630,152.4.24.176,38441,TCP,88,0,7191,20,329,P,940684,901018,15234
7826,Port Scan Detected,02/05-12:34:28,218.154.130.32,2570,54.163.229.133,52092,TCP,77,0,3555,20,1144,A,542527,997428,29198
4395,XSS Attack Attempt,02/05-12:34:34,220.12.201.165,53603,125.124.38.90,40267,TCP,66,0,8192,20,1014,U,390831,261041,64792
8569,XSS Attack Attempt,02/05-12:34:23,63.206.215.124,37165,61.95.49.112,42917,TCP,61,0,8028,20,451,S,750636,517937,16762
1396,DDoS SYN Flood,02/05-12:34:21,119.101.191.159,59801,240.120.245.197,515,TCP,73,0,5593,20,1048,S,256519,230572,7652
4861,XSS Attack Attempt,02/05-12:34:39,227.96.241.230,3286,182.118.65.84,22894,TCP,45,0,4046,20,748,U,351524,948199,39193
7034,SQL Injection Attempt,02/05-12:34:15,49.112.144.105,58354,133.150.231.156,33042,TCP,119,0,6703,20,841,U,887870,249952,29513
8134,Malware C&C Communication,02/05-12:34:53,79.149.251.238,41435,38.52.52.192,42415,TCP,62,0,3501,20,674,S,317241,782097,53557
1237,Brute Force SSH Attack,02/05-12:34:58,105.238.31.14,45164,89.248.46.154,5613,TCP,83,0,9322,20,1068,F,459084,326125,54944
5640,SQL Injection Attempt,02/05-12:34:39,171.3.144.108,49262,33.189.252.37,4590,TCP,88,0,5743,20,72,P,910061,129048,6666
5519,Brute Force SSH Attack,02/05-12:34:29,4.41.14.188,15918,203.133.46.32,48951,TCP,68,0,5375,20,588,P,850283,679667,31557
3380,DDoS SYN Flood,02/05-12:34:31,122.18.6.212,36803,78.138.96.159,10284,TCP,89,0,7216,20,351,P,835313,310989,9027
1752,XSS Attack Attempt,02/05-12:34:56,215.105.6.102,14864,83.110.145.89,61849,TCP,97,0,1831,20,900,F,444334,912115,1302
6681,Brute Force SSH Attack,02/05-12:34:24,54.203.177.139,37991,159.46.32.134,20240,TCP,100,0,3925,20,1398,F,956985,416665,13597
6377,Malware C&C Communication,02/05-12:34:56,113.166.205.8,33709,147.245.5.213,55286,TCP,124,0,3207,20,1239,U,589899,560156,56174
4568,Port Scan Detected,02/05-12:34:30,131.246.97.165,25489,13.123.217.217,8026,TCP,113,0,7999,20,1309,P,184133,571172,25608
5059,XSS Attack Attempt,02/05-12:34:44,228.99.60.94,54054,220.56.50.177,35342,TCP,98,0,6030,20,1211,A,505256,321419,44032
2756,DDoS SYN Flood,02/05-12:34:23,194.189.57.121,46938,16.169.9.158,14218,TCP,48,0,4763,20,1236,U,582527,893026,7788
3461,SQL Injection Attempt,02/05-12:34:37,95.232.247.98,21161,26.93.117.160,55690,TCP,104,0,9906,20,702,P,803538,611384,50894
1649,XSS Attack Attempt,02/05-12:34:49,50.118.155.24,10324,37.44.233.195,8967,TCP,42,0,4783,20,861,F,145380,439429,16580
3472,XSS Attack Attempt,02/05-12:34:41,145.5.217.187,52539,124.153.2.229,49630,TCP,73,0,5373,20,914,P,750035,716567,55573
4460,XSS Attack Attempt,02/05-12:34:59,161.88.34.80,30178,212.3.117.118,24807,TCP,125,0,7504,20,652,P,943439,223693,30226
1993,Malware C&C Communication,02/05-12:34:23,226.107.155.20,17101,33.251.4.203,45778,TCP,34,0,9837,20,407,F,572921,213492,52472
1508,DDoS SYN Flood,02/05-12:34:51,184.132.222.147,45353,231.128.30.185,44328,TCP,106,0,9888,20,360,A,630879,656763,55254
7820,SQL Injection Attempt,02/05-12:34:21,30.12.132.224,10296,30.194.59.218,8833,TCP,47,0,9352,20,1224,F,797066,564017,45095
4265,DDoS SYN Flood,02/05-12:34:12,73.3.1.69,51424,131.4.161.212,2752,TCP,88,0,6788,20,720,A,325009,443822,36522
5137,SQL Injection Attempt,02/05-12:34:12,103.225.207.69,51005,3.239.93.18,26846,TCP,109,0,8323,20,579,R,142566,187130,37105
4184,Malware C&C Communication,02/05-12:34:48,236.211.114.220,51815,134.21.128.166,58009,TCP,99,0,9692,20,1000,F,820894,225641,22495
6265,SQL Injection Attempt,02/05-12:34:59,84.115.229.128,32026,51.167.161.253,8866,TCP,124,0,1143,20,1293,P,867448,933672,45051
4412,Brute Force SSH Attack,02/05-12:34:26,222.247.52.32,13422,220.190.149.74,36708,TCP,124,0,4361,20,1363,P,908857,972444,54470
3517,Malware C&C Communication,02/05-12:34:49,111.74.183.44,61617,28.101.60.189,16225,TCP,112,0,4091,20,94,R,894346,574293,42678
6567,XSS Attack Attempt,02/05-12:34:10,161.178.94.173,7882,150.226.215.17,16836,TCP,53,0,5269,20,1409,S,194332,818067,58497
6872,XSS Attack Attempt,02/05-12:34:30,57.225.206.155,19613,81.69.49.210,14642,TCP,35,0,2675,20,1453,P,753487,356983,13202
9423,Brute Force SSH Attack,02/05-12:34:13,46.238.91.116,24189,161.182.203.248,18610,TCP,45,0,4216,20,162,A,716387,313913,29044
6952,Malware C&C Communication,02/05-12:34:57,21.40.124.243,11808,244.223.172.115,61409,TCP,60,0,7162,20,197,S,938927,697227,22462
3681,XSS Attack Attempt,02/05-12:34:48,252.90.59.154,19017,253.98.44.199,9725,TCP,126,0,8831,20,436,S,851261,547825,35111
6866,DDoS SYN Flood,02/05-12:34:40,99.162.181.22,34159,171.14.117.189,46340,TCP,115,0,3519,20,918,R,608615,280655,36887
8415,XSS Attack Attempt,02/05-12:34:19,40.119.252.18,33320,130.237.178.218,31318,TCP,98,0,6645,20,438,F,925058,349055,46325
3775,Brute Force SSH Attack,02/05-12:34:51,170.129.184.7,19115,176.139.236.49,7417,TCP,126,0,8904,20,950,A,775385,183617,65406
8167,XSS Attack Attempt,02/05-12:34:52,229.58.104.124,10927,249.12.173.172,16904,TCP,63,0,1024,20,371,S,250826,731016,25065
4515,SQL Injection Attempt,02/05-12:34:20,157.157.243.82,8599,194.170.222.151,55455,TCP,96,0,8060,20,1350,U,609856,221748,49947
8435,Malware C&C Communication,02/05-12:34:43,147.176.154.113,34440,156.220.47.224,6484,TCP,87,0,5627,20,502,P,804652,505366,58505
3811,DDoS SYN Flood,02/05-12:34:41,2.185.99.252,12184,226.182.235.115,21091,TCP,52,0,9825,20,115,U,279037,412288,30838
7040,Malware C&C Communication,02/05-12:34:44,38.223.236.105,53391,206.174.61.212,13315,TCP,59,0,7195,20,1291,R,330779,405251,39051
6705,Malware C&C Communication,02/05-12:34:56,24.213.237.220,18477,74.66.60.118,22752,TCP,124,0,5278,20,286,S,945209,764803,28147
3967,SQL Injection Attempt,02/05-12:34:17,130.134.132.69,15322,76.194.206.26,1905,TCP,91,0,9306,20,748,R,189689,861362,32455
5440,Port Scan Detected,02/05-12:34:31,50.37.206.149,26585,1.245.243.33,61699,TCP,64,0,6364,20,506,A,694646,848521,49845
1220,XSS Attack Attempt,02/05-12:34:31,115.87.100.42,20292,191.5.210.172,9355,TCP,117,0,6461,20,863,R,488627,839862,23125
3902,XSS Attack Attempt,02/05-12:34:50,169.114.131.92,58028,162.88.45.75,6539,TCP,82,0,6888,20,779,F,448619,441227,48926
8070,Brute Force SSH Attack,02/05-12:34:50,56.52.44.41,47404,154.114.24.91,8428,TCP,120,0,9150,20,664,R,515595,355923,6102
4975,Brute Force SSH Attack,02/05-12:34:24,168.102.148.195,23420,8.110.53.149,49026,TCP,102,0,2948,20,234,A,249616,929763,23055
4131,XSS Attack Attempt,02/05-12:34:58,49.142.43.57,22965,119.18.221.225,29297,TCP,43,0,7071,20,1077,S,336245,357266,33134
5825,Malware C&C Communication,02/05-12:34:35,162.87.238.167,64106,18.145.144.14,1081,TCP,79,0,2535,20,834,A,180707,599269,44615
9242,XSS Attack Attempt,02/05-12:34:31,199.17.228.34,40638,46.62.63.59,52394,TCP,62,0,9769,20,833,R,980611,745070,59760
6801,XSS Attack Attempt,02/05-12:34:39,9.172.3.141,25155,251.233.178.231,29059,TCP,125,0,3365,20,431,A,745648,664682,48669
2543,Port Scan Detected,02/05-12:34:12,236.2.243.18,54018,27.162.176.50,59406,TCP,55,0,8696,20,763,A,280561,394214,35276
2778,Malware C&C Communication,02/05-12:34:50,233.157.215.80,24090,193.176.164.100,25054,TCP,123,0,9702,20,67,F,145459,438027,11639
3310,XSS Attack Attempt,02/05-12:34:34,155.168.245.145,45780,11.38.78.137,61099,TCP,114,0,9401,20,943,A,127983,386573,2608
1384,Brute Force SSH Attack,02/05-12:34:33,91.143.144.137,58801,88.223.54.202,32776,TCP,107,0,9223,20,733,A,327157,578912,12777
5781,XSS Attack Attempt,02/05-12:34:11,216.177.162.121,42184,94.55.75.146,30036,TCP,100,0,2917,20,517,S,787490,308584,51420
9090,Port Scan Detected,02/05-12:34:53,247.64.203.110,50605,21.54.224.76,59152,TCP,80,0,7701,20,1303,P,898538,812916,24997
7631,Malware C&C Communication,02/05-12:34:16,236.227.181.193,13772,124.208.12.235,61064,TCP,100,0,1883,20,328,U,298033,867081,26575
9316,XSS Attack Attempt,02/05-12:34:11,136.225.128.211,18925,81.44.100.97,28119,TCP,126,0,5748,20,1434,A,480243,376547,13803
4723,Port Scan Detected,02/05-12:34:24,190.65.145.220,45270,137.109.216.211,14701,TCP,105,0,4592,20,1469,P,155625,678024,2314
3391,Brute Force SSH Attack,02/05-12:34:21,111.144.6.124,25971,160.177.244.221,64552,TCP,38,0,4976,20,297,A,985615,939815,23158
2801,Brute Force SSH Attack,02/05-12:34:19,73.126.10.173,40464,222.197.159.198,33453,TCP,77,0,9746,20,503,A,329926,707467,42849
5021,Port Scan Detected,02/05-12:34:52,170.51.38.35,58243,136.214.237.220,21020,TCP,69,0,2866,20,748,R,743255,925661,37118
8378,SQL Injection Attempt,02/05-12:34:54,142.103.223.16,1895,179.112.241.141,63868,TCP,73,0,2927,20,328,F,566378,447733,20485
9082,SQL Injection Attempt,02/05-12:34:40,39.81.126.146,20020,96.125.166.99,35087,TCP,45,0,8207,20,450,F,375966,859915,65293
4123,SQL Injection Attempt,02/05-12:34:32,189.136.62.56,15566,195.244.84.101,58265,TCP,125,0,7555,20,502,A,250742,441146,53389
4937,Malware C&C Communication,02/05-12:34:34,210.200.167.80,50998,112.46.152.129,63796,TCP,51,0,1806,20,1337,P,165448,762170,55340
6440,DDoS SYN Flood,02/05-12:34:47,14.99.198.22,37912,216.89.233.50,41694,TCP,64,0,5841,20,1307,A,131068,677913,14863
7897,XSS Attack Attempt,02/05-12:34:28,162.162.13.37,5912,54.150.69.222,23392,TCP,61,0,5864,20,1302,A,594779,553620,41106
6287,XSS Attack Attempt,02/05-12:34:21,16.167.170.236,52106,5.184.88.245,36825,TCP,94,0,9864,20,403,A,373011,190457,56238
2698,Port Scan Detected,02/05-12:34:45,152.44.183.125,2904,33.132.224.101,48400,TCP,113,0,3224,20,918,P,824507,876376,8576
8266,Port Scan Detected,02/05-12:34:35,93.203.182.64,61466,164.20.83.242,51190,TCP,110,0,2403,20,358,U,649228,734484,41525
1270,Brute Force SSH Attack,02/05-12:34:57,48.216.110.132,7311,158.88.99.116,26040,TCP,46,0,1422,20,636,U,954456,848267,34272
3945,Port Scan Detected,02/05-12:34:12,142.105.147.77,43975,255.76.187.178,44592,TCP,49,0,6141,20,1238,S,656193,329276,27439
2166,Malware C&C Communication,02/05-12:34:55,136.45.9.126,57728,6.200.95.35,45461,TCP,107,0,4609,20,763,S,205863,762497,1140
4396,Malware C&C Communication,02/05-12:34:58,47.52.173.143,3748,193.210.45.180,32207,TCP,83,0,9611,20,147,P,229461,441146,23371
7772,Brute Force SSH Attack,02/05-12:34:13,201.216.77.168,9295,221.140.172.44,39424,TCP,38,0,7807,20,209,P,515578,840736,6556
5608,SQL Injection Attempt,02/05-12:34:28,54.26.31.127,58724,246.110.66.117,41258,TCP,50,0,7160,20,742,F,388462,440017,56815
7624,DDoS SYN Flood,02/05-12:34:31,35.203.119.88,45285,168.146.177.128,7886,TCP,101,0,6303,20,511,A,372722,983532,47232
8217,DDoS SYN Flood,02/05-12:34:31,120.234.111.212,58716,175.183.96.34,49482,TCP,88,0,2017,20,97,A,341143,522898,37721
8350,SQL Injection Attempt,02/05-12:34:23,250.101.140.58,52572,238.135.250.41,36205,TCP,93,0,5500,20,1308,S,874618,438672,2973
5862,Port Scan Detected,02/05-12:34:25,61.70.155.211,46051,78.11.42.134,24101,TCP,98,0,4000,20,287,P,774072,494039,56658
2095,Malware C&C Communication,02/05-12:34:56,68.130.143.247,32218,75.219.215.32,59420,TCP,96,0,8109,20,119,P,395049,382456,36617
2924,SQL Injection Attempt,02/05-12:34:59,136.102.203.207,16461,70.208.233.173,46873,TCP,38,0,9213,20,487,F,494042,616968,14409
1626,Brute Force SSH Attack,02/05-12:34:45,234.23.250.75,59986,32.199.69.2,33581,TCP,93,0,2138,20,1437,S,763272,119488,28681
9979,Brute Force SSH Attack,02/05-12:34:18,119.1.144.196,17290,115.207.49.46,43287,TCP,77,0,8591,20,1331,F,498882,883842,49303
1196,Malware C&C Communication,02/05-12:34:28,160.39.15.70,46108,120.232.54.245,34420,TCP,51,0,5869,20,1212,R,974986,290075,31170
9498,SQL Injection Attempt,02/05-12:34:25,6.252.252.176,35847,224.40.147.203,60358,TCP,63,0,2918,20,372,S,480304,474307,46463
6761,SQL Injection Attempt,02/05-12:34:39,154.188.139.95,34270,190.92.173.143,27562,TCP,91,0,8402,20,853,U,154160,236987,30152
6876,DDoS SYN Flood,02/05-12:34:16,106.94.247.130,52131,85.6.94.109,24914,TCP,80,0,2161,20,548,P,855632,600098,9869
5192,SQL Injection Attempt,02/05-12:34:41,184.106.5.70,38117,20.202.249.132,31873,TCP,47,0,2412,20,1478,P,692377,133813,17950
2995,XSS Attack Attempt,02/05-12:34:26,208.90.103.10,4851,16.255.31.56,39851,TCP,53,0,5995,20,739,R,989173,317349,28637
7641,Malware C&C Communication,02/05-12:34:21,181.129.106.214,38864,239.201.196.188,11892,TCP,80,0,5279,20,887,R,354679,571800,54939
7694,Port Scan Detected,02/05-12:34:10,185.48.54.239,44722,93.119.104.22,17080,TCP,63,0,9286,20,1435,S,870102,488316,49306
3326,Port Scan Detected,02/05-12:34:40,232.113.251.121,38852,251.148.34.58,15702,TCP,67,0,8482,20,540,F,507435,571172,23240
2643,SQL Injection Attempt,02/05-12:34:45,106.193.79.148,34955,239.84.115.166,30140,TCP,89,0,4207,20,1398,A,779012,612070,56331
6421,DDoS SYN Flood,02/05-12:34:24,227.187.2.153,24829,216.48.204.182,14407,TCP,44,0,7940,20,67,A,258001,971217,41482
3477,Port Scan Detected,02/05-12:34:47,193.108.119.11,57230,1.120.30.201,19510,TCP,116,0,7083,20,662,R,719790,487114,31744
7346,Brute Force SSH Attack,02/05-12:34:30,145.3.230.34,23637,145.246.26.197,16273,TCP,68,0,7913,20,1469,U,183839,792486,52255
8620,SQL Injection Attempt,02/05-12:34:44,157.118.169.119,5156,54.110.16.101,6480,TCP,49,0,7601,20,541,S,656262,142642,46386
2603,Port Scan Detected,02/05-12:34:22,68.108.15.95,55339,171.213.239.219,62228,TCP,62,0,8740,20,146,S,196147,998384,28867
7726,Brute Force SSH Attack,02/05-12:34:12,16.4.86.209,23672,175.14.171.37,27902,TCP,104,0,7983,20,137,R,134337,440883,41709
6158,XSS Attack Attempt,02/05-12:34:48,180.164.151.246,65334,118.77.109.232,20394,TCP,87,0,1044,20,324,S,698641,259973,34016
4313,Malware C&C Communication,02/05-12:34:17,31.25.43.134,27657,177.201.241.185,61645,TCP,75,0,4486,20,277,S,720882,743154,25648
9652,XSS Attack Attempt,02/05-12:34:17,123.11.165.53,61706,3.184.239.84,46516,TCP,87,0,1774,20,1058,S,656798,534574,19660
1041,DDoS SYN Flood,02/05-12:34:33,240.40.182.183,8692,210.48.30.6,26808,TCP,60,0,6726,20,409,R,251528,649655,13808
7405,Malware C&C Communication,02/05-12:34:43,121.139.162.181,33255,31.194.254.94,10342,TCP,117,0,7700,20,834,F,290158,893921,25482
3930,XSS Attack Attempt,02/05-12:34:24,164.252.59.201,45983,201.220.61.48,21981,TCP,87,0,9016,20,599,A,918346,447469,2698
4108,Brute Force SSH Attack,02/05-12:34:59,217.95.222.65,19516,167.72.230.37,37311,TCP,53,0,5976,20,1476,S,479676,522137,61182
5126,Port Scan Detected,02/05-12:34:31,222.103.108.230,46989,255.85.66.1,12316,TCP,74,0,5350,20,669,S,640112,493742,23244
3154,XSS Attack Attempt,02/05-12:34:34,115.254.20.11,22379,132.125.19.96,48633,TCP,44,0,6398,20,1341,F,557223,575321,9557
8116,Port Scan Detected,02/05-12:34:49,91.232.247.119,37475,129.97.134.66,35062,TCP,101,0,1627,20,905,U,842846,830991,47610
1833,DDoS SYN Flood,02/05-12:34:46,233.131.136.111,17888,108.30.17.1,19791,TCP,75,0,3421,20,1384,U,233629,592791,56531
4594,DDoS SYN Flood,02/05-12:34:54,55.135.54.44,13596,17.109.72.84,26163,TCP,86,0,5080,20,275,P,793155,950596,32678
9550,Brute Force SSH Attack,02/05-12:34:28,243.77.55.108,39220,58.183.70.174,6070,TCP,94,0,1768,20,217,P,290084,107955,10567
8532,DDoS SYN Flood,02/05-12:34:22,79.36.114.128,44427,30.78.237.94,34427,TCP,112,0,1438,20,164,P,604437,914881,16513
1060,Malware C&C Communication,02/05-12:34:34,66.145.79.140,15760,112.216.123.81,58155,TCP,128,0,9530,20,505,R,286125,641113,53129
8649,XSS Attack Attempt,02/05-12:34:21,201.32.59.143,40240,105.56.134.47,28912,TCP,89,0,9823,20,248,F,405622,865514,22648
5113,Port Scan Detected,02/05-12:34:16,54.75.247.177,42293,169.22.160.237,7758,TCP,46,0,3518,20,1328,A,921598,568712,56718
3280,Malware C&C Communication,02/05-12:34:12,193.195.197.160,49505,231.3.201.89,37767,TCP,42,0,3516,20,420,A,433379,634756,12673
4107,XSS Attack Attempt,02/05-12:34:47,235.174.166.230,54467,215.134.171.59,54571,TCP,85,0,8386,20,817,P,957449,977159,34855
2604,SQL Injection Attempt,02/05-12:34:39,100.31.165.168,24624,138.75.41.38,13766,TCP,66,0,9425,20,451,P,889205,337520,31199
4739,XSS Attack Attempt,02/05-12:34:12,68.244.234.185,21218,251.241.48.238,53104,TCP,55,0,6944,20,1051,P,296777,171780,55114
4073,Malware C&C Communication,02/05-12:34:10,243.167.128.226,60817,206.68.69.230,13822,TCP,73,0,2006,20,745,F,560733,489137,8264
2469,Port Scan Detected,02/05-12:34:26,83.76.141.8,50092,223.188.186.231,36843,TCP,72,0,3217,20,1485,P,364536,880835,2369
9153,Malware C&C Communication,02/05-12:34:28,252.123.50.229,60462,248.96.192.170,64697,TCP,125,0,2629,20,337,S,372967,579317,40970
1033,SQL Injection Attempt,02/05-12:34:18,173.69.157.249,11858,21.142.141.90,36550,TCP,36,0,5468,20,447,A,546137,499992,36461
3301,Brute Force SSH Attack,02/05-12:34:19,173.194.22.166,32706,53.166.78.146,44631,TCP,106,0,4433,20,1318,A,253614,714054,26701
1432,SQL Injection Attempt,02/05-12:34:13,185.9.154.228,30859,67.195.180.85,51770,TCP,50,0,3633,20,606,R,992595,182952,62608
8216,Malware C&C Communication,02/05-12:34:46,153.175.216.144,8524,57.116.148.103,43249,TCP,73,0,5692,20,243,R,278325,288254,58859
5161,DDoS SYN Flood,02/05-12:34:36,37.138.218.93,7142,254.248.90.54,34237,TCP,116,0,9263,20,1073,S,662891,569851,61413
8777,SQL Injection Attempt,02/05-12:34:52,169.94.121.133,29889,113.221.255.108,16300,TCP,104,0,3131,20,931,S,872672,459638,39029
2478,Malware C&C Communication,02/05-12:34:16,215.238.161.224,48995,101.59.21.34,31628,TCP,86,0,2146,20,421,S,767225,556354,11060
2775,SQL Injection Attempt,02/05-12:34:34,147.53.34.153,1635,229.75.128.220,63480,TCP,69,0,5583,20,67,U,934066,383111,46686
5029,SQL Injection Attempt,02/05-12:34:59,107.29.147.149,2085,226.237.211.168,19399,TCP,84,0,7804,20,981,F,239868,187778,61711
4855,Brute Force SSH Attack,02/05-12:34:58,106.239.148.203,44531,221.51.41.123,50772,TCP,60,0,1840,20,459,A,111755,262646,42730
4446,Port Scan Detected,02/05-12:34:24,153.254.228.25,9280,41.210.72.201,19682,TCP,89,0,1152,20,523,S,372559,605940,10011
9823,XSS Attack Attempt,02/05-12:34:19,201.98.37.234,5572,45.31.222.24,22360,TCP,112,0,3520,20,1016,A,248105,682902,64368
7265,SQL Injection Attempt,02/05-12:34:10,149.166.242.65,17503,223.106.213.34,1027,TCP,84,0,4346,20,689,P,939688,580387,48596
6429,Brute Force SSH Attack,02/05-12:34:38,115.156.159.240,34223,110.37.227.25,30165,TCP,34,0,5705,20,583,R,997126,841696,64287
3746,Malware C&C Communication,02/05-12:34:36,19.101.41.128,39512,165.13.155.146,44195,TCP,32,0,4335,20,796,R,269564,902105,44346
7748,Port Scan Detected,02/05-12:34:17,116.167.83.189,2496,193.156.176.156,54445,TCP,45,0,5452,20,674,S,865747,735279,41362
4606,Malware C&C Communication,02/05-12:34:40,21.197.241.237,45291,234.46.10.120,53878,TCP,61,0,2836,20,458,U,644990,116673,47970
4900,Brute Force SSH Attack,02/05-12:34:30,69.244.68.5,28660,242.235.17.241,25603,TCP,117,0,5239,20,493,F,720745,660822,17842
1123,Malware C&C Communication,02/05-12:34:43,112.116.6.225,55081,195.109.104.35,27268,TCP,42,0,7672,20,1353,U,643707,681466,58242
2506,Malware C&C Communication,02/05-12:34:16,209.13.217.36,38744,22.87.151.78,37495,TCP,115,0,5007,20,121,F,294692,674446,65018
1990,Malware C&C Communication,02/05-12:34:47,141.30.89.147,35578,212.196.214.103,5871,TCP,104,0,5477,20,1369,A,101687,570293,17946
2726,SQL Injection Attempt,02/05-12:34:41,22.86.47.135,4417,162.166.181.17,21108,TCP,32,0,6306,20,436,F,545562,670362,33120
4677,XSS Attack Attempt,02/05-12:34:54,186.85.5.58,37629,22.112.171.65,64500,TCP,84,0,7020,20,1168,A,647040,161395,36368
2009,Brute Force SSH Attack,02/05-12:34:58,253.79.134.192,56184,132.153.71.150,60155,TCP,78,0,2300,20,1256,F,409469,149011,15520
2520,Port Scan Detected,02/05-12:34:41,54.245.93.169,61684,101.22.252.195,50642,TCP,69,0,8156,20,937,F,379033,705292,56710
4492,SQL Injection Attempt,02/05-12:34:24,163.236.159.122,56425,233.144.243.239,26129,TCP,61,0,8773,20,675,S,580570,969190,63340
2219,Malware C&C Communication,02/05-12:34:16,222.217.202.160,53664,118.29.199.155,50115,TCP,68,0,5254,20,1171,U,487869,776503,39702
6116,Brute Force SSH Attack,02/05-12:34:37,124.122.68.120,29771,61.124.190.25,38364,TCP,111,0,4114,20,535,R,620820,340391,45562
9813,Port Scan Detected,02/05-12:34:26,234.63.176.180,39522,142.67.58.77,28879,TCP,101,0,2258,20,502,R,778049,241468,42751
1945,DDoS SYN Flood,02/05-12:34:54,181.173.28.248,55446,5.29.215.176,57454,TCP,95,0,7250,20,1014,P,485099,166092,4432
6152,SQL Injection Attempt,02/05-12:34:16,127.91.111.254,19420,188.62.232.19,48818,TCP,33,0,1123,20,550,U,159705,187237,38143
8788,Port Scan Detected,02/05-12:34:55,228.135.72.206,27981,92.66.116.167,40397,TCP,77,0,2773,20,1082,P,889969,154175,36658
1669,DDoS SYN Flood,02/05-12:34:56,114.4.154.231,47090,161.55.7.212,63759,TCP,118,0,9566,20,1296,U,121566,744202,54631
8187,Port Scan Detected,02/05-12:34:45,224.211.58.88,52058,107.7.37.3,55444,TCP,100,0,4494,20,599,F,928209,316227,63175
2948,Brute Force SSH Attack,02/05-12:34:30,65.146.5.224,57769,44.210.39.178,16187,TCP,87,0,1820,20,91,P,888319,465530,1781
1419,Brute Force SSH Attack,02/05-12:34:13,114.239.62.79,53627,213.241.29.152,44594,TCP,100,0,7425,20,447,P,699318,113671,52673
7993,XSS Attack Attempt,02/05-12:34:56,105.68.248.143,54959,145.223.7.17,15785,TCP,36,0,3624,20,740,S,670614,145550,45904
8016,Malware C&C Communication,02/05-12:34:28,89.249.100.23,21038,71.51.31.235,63129,TCP,35,0,5906,20,596,F,378902,930514,31617
8111,Brute Force SSH Attack,02/05-12:34:43,137.235.243.38,6682,76.51.81.135,15252,TCP,62,0,4794,20,1301,A,251197,957846,44410
3592,Port Scan Detected,02/05-12:34:51,10.120.206.144,23593,147.103.227.233,26991,TCP,115,0,4357,20,1215,F,517800,564106,33742
9989,SQL Injection Attempt,02/05-12:34:17,197.182.52.71,15437,68.238.141.144,3070,TCP,64,0,1834,20,1437,A,161995,225006,8004
5732,Brute Force SSH Attack,02/05-12:34:42,183.150.101.231,6429,161.51.49.121,27647,TCP,34,0,9607,20,771,S,209543,524069,32123
7757,SQL Injection Attempt,02/05-12:34:39,176.151.143.33,39385,42.126.182.255,64636,TCP,117,0,2726,20,752,P,924986,870448,55909
1776,Port Scan Detected,02/05-12:34:17,179.145.163.193,46621,165.96.135.26,43950,TCP,89,0,8818,20,1175,A,931798,736335,1477
5950,Port Scan Detected,02/05-12:34:32,86.189.100.164,33923,126.186.121.196,267,TCP,114,0,1678,20,988,F,307024,962707,27459
2530,XSS Attack Attempt,02/05-12:34:40,241.254.104.4,1998,148.246.27.1,50365,TCP,70,0,8734,20,1115,S,864707,716193,25752
2198,DDoS SYN Flood,02/05-12:34:51,135.224.203.173,30993,193.45.205.93,39730,TCP,78,0,8146,20,892,F,771601,873309,55697
5141,XSS Attack Attempt,02/05-12:34:25,219.195.92.223,63765,166.130.132.124,15601,TCP,103,0,2645,20,460,A,334428,906479,6129
8112,XSS Attack Attempt,02/05-12:34:11,156.168.38.138,17082,11.226.21.164,22744,TCP,103,0,4816,20,286,F,827838,104286,53343
2126,XSS Attack Attempt,02/05-12:34:48,83.113.182.42,36094,55.14.97.184,27433,TCP,61,0,6477,20,799,R,405633,556418,7060
2651,Brute Force SSH Attack,02/05-12:34:59,30.189.111.172,13452,65.43.24.43,34916,TCP,128,0,8976,20,676,S,974808,170782,8214
3124,Port Scan Detected,02/05-12:34:59,166.140.103.184,51967,254.89.93.140,19365,TCP,72,0,2599,20,288,P,524282,668199,43673
9720,DDoS SYN Flood,02/05-12:34:25,203.43.153.237,17885,130.190.233.48,770,TCP,56,0,5107,20,1042,S,406759,701064,18423
8347,Malware C&C Communication,02/05-12:34:48,238.184.89.152,15325,99.184.79.251,33457,TCP,32,0,8963,20,95,U,730782,410477,45804
5810,DDoS SYN Flood,02/05-12:34:46,47.72.93.106,52362,90.83.149.233,52263,TCP,67,0,3877,20,632,P,616650,956572,23768
3678,DDoS SYN Flood,02/05-12:34:10,92.97.213.8,58881,109.239.218.131,1117,TCP,64,0,9537,20,511,S,330162,419321,55501
5252,XSS Attack Attempt,02/05-12:34:10,154.139.3.80,16196,206.132.18.48,35004,TCP,52,0,3886,20,138,S,186641,639927,51849
6518,Brute Force SSH Attack,02/05-12:34:32,195.95.220.50,43865,13.46.245.94,39158,TCP,125,0,7656,20,1228,R,504787,978999,31859
5324,Brute Force SSH Attack,02/05-12:34:55,186.115.30.96,50978,27.6.182.210,61586,TCP,120,0,3584,20,1001,P,355420,922740,61083
2569,Malware C&C Communication,02/05-12:34:33,231.82.70.180,22382,134.84.22.104,5388,TCP,118,0,2477,20,1051,U,651201,506309,16345
6233,Malware C&C Communication,02/05-12:34:45,94.133.7.65,32924,156.101.153.186,54221,TCP,86,0,6185,20,703,A,201495,927632,11703
7360,XSS Attack Attempt,02/05-12:34:40,122.214.135.45,20366,30.121.213.4,16085,TCP,107,0,8829,20,109,P,743148,744213,9363
2022,Brute Force SSH Attack,02/05-12:34:37,250.220.57.172,31298,191.82.212.170,30503,TCP,58,0,7682,20,1102,A,285280,163850,5868
6392,Malware C&C Communication,02/05-12:34:16,23.157.15.121,37976,133.255.18.72,31353,TCP,91,0,9898,20,54,S,812265,640812,6336
4020,DDoS SYN Flood,02/05-12:34:57,109.54.157.27,11054,214.84.6.141,64129,TCP,111,0,9503,20,1050,R,349288,405625,4539
1856,Malware C&C Communication,02/05-12:34:58,5.130.15.62,23205,140.15.118.230,30380,TCP,44,0,4704,20,1037,A,318451,906496,41369
5232,SQL Injection Attempt,02/05-12:34:18,138.83.71.84,10835,138.179.89.166,35410,TCP,45,0,5546,20,100,F,924778,314102,35295
4202,Brute Force SSH Attack,02/05-12:34:15,14.158.115.12,20626,41.211.31.99,26701,TCP,124,0,6213,20,750,U,182173,886668,5733
7491,DDoS SYN Flood,02/05-12:34:41,121.47.174.77,64420,219.134.65.162,6642,TCP,39,0,6819,20,1099,R,536862,627109,19829
6287,DDoS SYN Flood,02/05-12:34:52,89.184.98.148,25978,229.72.90.70,14466,TCP,83,0,9145,20,353,R,815109,309835,3899
6017,Malware C&C Communication,02/05-12:34:12,31.145.13.217,53304,96.247.192.152,46981,TCP,45,0,2106,20,345,F,159158,502703,22496
8020,SQL Injection Attempt,02/05-12:34:59,158.214.138.154,20967,132.141.195.105,14815,TCP,91,0,8934,20,1387,F,982053,163322,11608
5853,SQL Injection Attempt,02/05-12:34:51,215.93.166.124,58872,36.228.41.49,53270,TCP,97,0,6833,20,693,F,706498,371589,63814
1611,Brute Force SSH Attack,02/05-12:34:34,53.90.203.130,37983,194.194.202.131,22986,TCP,75,0,5131,20,655,A,713888,105551,39954
8770,Brute Force SSH Attack,02/05-12:34:11,104.230.202.153,20837,96.85.237.48,20276,TCP,88,0,4612,20,1410,F,527513,450254,18411
9008,SQL Injection Attempt,02/05-12:34:53,79.238.64.242,5172,21.238.233.198,10642,TCP,47,0,6267,20,390,S,994791,675649,6268
5812,XSS Attack Attempt,02/05-12:34:52,120.58.39.117,4908,21.225.194.160,2813,TCP,73,0,2611,20,1240,R,123170,537228,20703
1947,Brute Force SSH Attack,02/05-12:34:45,51.104.156.28,33072,96.176.150.97,2962,TCP,61,0,1020,20,1140,F,234654,204111,51504
7273,SQL Injection Attempt,02/05-12:34:13,211.17.250.255,19287,39.7.18.135,53198,TCP,48,0,2960,20,351,A,714338,462187,57763
7558,Port Scan Detected,02/05-12:34:50,131.233.229.94,12000,94.182.16.198,15536,TCP,65,0,6981,20,888,R,531163,340437,21287
8274,SQL Injection Attempt,02/05-12:34:34,66.174.27.171,23445,92.80.153.211,15276,TCP,42,0,5531,20,598,A,885705,935211,20369
2731,DDoS SYN Flood,02/05-12:34:25,72.13.152.230,40644,129.112.73.130,23060,TCP,86,0,9076,20,1226,F,211866,629985,65502
6650,Malware C&C Communication,02/05-12:34:38,31.32.141.225,64307,92.226.223.220,50264,TCP,104,0,1886,20,617,R,997688,952729,14537
6718,DDoS SYN Flood,02/05-12:34:43,83.181.13.121,43974,42.201.155.37,24626,TCP,41,0,4173,20,1439,F,231195,886260,57919
7315,Malware C&C Communication,02/05-12:34:54,38.113.115.131,58691,198.47.211.166,45593,TCP,90,0,8032,20,223,P,970038,172022,38034
3577,Port Scan Detected,02/05-12:34:46,218.127.103.65,61690,40.53.75.98,17309,TCP,104,0,4725,20,294,R,536112,477405,24628
6905,Malware C&C Communication,02/05-12:34:14,209.142.116.143,53042,12.37.118.55,63535,TCP,98,0,8904,20,1245,P,683871,307882,43591
6711,Port Scan Detected,02/05-12:34:22,68.164.229.57,15989,190.57.61.75,42960,TCP,91,0,4212,20,911,P,671452,617494,12699
6641,Malware C&C Communication,02/05-12:34:26,243.177.21.104,22679,228.114.103.204,64612,TCP,105,0,6424,20,360,F,810640,501980,43328
6686,Malware C&C Communication,02/05-12:34:26,132.87.80.77,22007,229.241.155.153,12613,TCP,48,0,3361,20,1131,F,811595,467620,3072
3666,SQL Injection Attempt,02/05-12:34:53,74.52.41.135,15771,135.99.7.189,57115,TCP,107,0,7930,20,1312,S,614073,425635,41887
2082,Malware C&C Communication,02/05-12:34:24,207.203.94.206,64100,75.118.69.22,47234,TCP,65,0,7139,20,594,A,508085,271199,62087
2432,Malware C&C Communication,02/05-12:34:49,65.80.246.5,47291,184.220.208.153,47183,TCP,85,0,7545,20,722,S,203149,469123,6354
9376,DDoS SYN Flood,02/05-12:34:46,197.72.216.91,7709,141.234.67.214,39294,TCP,62,0,4298,20,444,U,435424,649639,40249
1905,Port Scan Detected,02/05-12:34:36,239.80.32.46,61156,29.40.141.194,17101,TCP,53,0,4095,20,272,F,417487,365858,44388
4283,Malware C&C Communication,02/05-12:34:30,128.133.230.182,42330,241.14.121.30,6670,TCP,68,0,9109,20,984,F,926178,972844,35129
9638,Brute Force SSH Attack,02/05-12:34:15,26.115.168.221,40360,204.240.196.137,9848,TCP,44,0,5334,20,448,P,361166,314764,40750
7890,SQL Injection Attempt,02/05-12:34:19,213.132.107.41,20797,61.100.2.151,62036,TCP,127,0,4871,20,716,U,708773,322871,43581
4881,Malware C&C Communication,02/05-12:34:20,241.121.145.128,12444,48.117.216.27,29767,TCP,68,0,4578,20,255,U,422768,804313,10626
1649,DDoS SYN Flood,02/05-12:34:36,232.57.193.155,14427,106.154.224.61,15466,TCP,81,0,6834,20,322,R,844542,630347,17323
5542,SQL Injection Attempt,02/05-12:34:59,194.129.30.75,29679,53.75.67.170,22537,TCP,38,0,7267,20,55,A,206112,592890,51364
4577,DDoS SYN Flood,02/05-12:34:50,162.34.167.163,43004,221.10.101.131,9301,TCP,123,0,5642,20,1107,S,376733,353614,28524
1347,DDoS SYN Flood,02/05-12:34:53,208.35.31.36,23638,41.47.30.37,30669,TCP,72,0,3736,20,328,P,651552,897064,47920
1340,Port Scan Detected,02/05-12:34:57,246.82.145.12,49265,80.212.91.5,42615,TCP,60,0,6541,20,618,S,120912,862439,60611
2673,Malware C&C Communication,02/05-12:34:52,51.213.191.242,22635,113.150.140.63,41899,TCP,71,0,5767,20,1270,U,667787,590660,39051
9244,SQL Injection Attempt,02/05-12:34:43,37.75.179.201,49440,91.186.45.36,23300,TCP,83,0,2780,20,221,U,587611,797689,42499
1092,Port Scan Detected,02/05-12:34:19,128.60.164.27,58858,18.21.252.170,49473,TCP,102,0,7869,20,147,R,247472,816880,11880
7988,DDoS SYN Flood,02/05-12:34:15,22.166.12.78,5019,28.151.166.196,16798,TCP,78,0,1944,20,1258,F,739249,677432,53613
3240,Port Scan Detected,02/05-12:34:47,201.174.132.223,20770,152.240.100.42,22894,TCP,75,0,4364,20,925,U,143743,989570,4929
2359,Brute Force SSH Attack,02/05-12:34:27,171.39.86.239,3974,25.192.2.251,3891,TCP,43,0,9283,20,1425,P,959832,838766,35080
3994,Brute Force SSH Attack,02/05-12:34:11,72.39.201.86,2380,151.157.96.170,2576,TCP,32,0,1835,20,1065,R,182842,300107,2150
8985,XSS Attack Attempt,02/05-12:34:58,220.243.239.108,36541,81.182.213.179,62612,TCP,41,0,8019,20,500,R,604731,591796,15032
2764,DDoS SYN Flood,02/05-12:34:49,27.118.73.209,60592,21.82.215.219,45137,TCP,68,0,1067,20,1466,A,546419,965255,6148
7851,XSS Attack Attempt,02/05-12:34:22,78.221.118.135,44720,15.101.171.75,35191,TCP,38,0,9654,20,325,R,335332,914011,55572
6255,DDoS SYN Flood,02/05-12:34:31,216.39.110.148,46090,87.74.73.140,866,TCP,104,0,8750,20,1239,F,464053,670370,49616
4194,Malware C&C Communication,02/05-12:34:42,15.168.170.118,53013,29.212.226.67,53442,TCP,87,0,6397,20,416,U,927055,721223,44323
5666,XSS Attack Attempt,02/05-12:34:55,136.189.206.225,5327,154.238.138.37,60007,TCP,43,0,2349,20,448,A,722573,301858,52202
3417,Port Scan Detected,02/05-12:34:42,217.104.28.6,54441,35.190.251.88,35542,TCP,101,0,5563,20,547,R,892060,804060,37941
8894,Malware C&C Communication,02/05-12:34:55,41.99.151.22,44869,136.93.242.12,29710,TCP,58,0,7474,20,650,F,144287,657522,60702
2568,XSS Attack Attempt,02/05-12:34:54,71.180.177.92,56212,38.15.10.181,46899,TCP,105,0,5768,20,1081,U,999082,944579,2079
5418,Port Scan Detected,02/05-12:34:58,142.106.159.82,30517,183.44.222.210,15364,TCP,83,0,6904,20,915,F,859819,121164,41582
2369,Malware C&C Communication,02/05-12:34:33,45.125.183.233,11903,233.55.211.165,33835,TCP,77,0,1364,20,1031,P,741927,876245,37633
7521,SQL Injection Attempt,02/05-12:34:12,193.118.171.241,30920,53.229.123.25,27982,TCP,81,0,3159,20,575,P,976315,759178,56977
8528,DDoS SYN Flood,02/05-12:34:27,218.160.92.6,56382,37.88.34.87,50461,TCP,128,0,4136,20,95,P,937028,915434,5639
6810,Brute Force SSH Attack,02/05-12:34:45,101.74.99.233,8488,139.21.4.100,12444,TCP,95,0,6603,20,1276,P,367301,408820,62232
4758,XSS Attack Attempt,02/05-12:34:51,207.116.150.195,49998,201.241.87.30,54189,TCP,67,0,7300,20,455,F,161968,530937,13919
8062,XSS Attack Attempt,02/05-12:34:44,42.121.180.25,54849,169.120.171.167,10585,TCP,101,0,8546,20,1399,R,651469,196933,47642
2759,DDoS SYN Flood,02/05-12:34:28,76.60.73.176,21318,124.211.190.195,35561,TCP,107,0,7704,20,843,F,161508,516241,39175
5198,Malware C&C Communication,02/05-12:34:12,70.253.11.114,56029,137.95.120.129,25030,TCP,40,0,3215,20,1207,P,527703,431679,2973
8532,Brute Force SSH Attack,02/05-12:34:11,90.120.89.62,30426,7.184.78.95,39341,TCP,67,0,7028,20,1440,U,669719,123388,2250
6268,XSS Attack Attempt,02/05-12:34:39,212.201.210.175,64287,87.204.98.166,60658,TCP,111,0,6803,20,433,U,911089,950182,10621
7513,Brute Force SSH Attack,02/05-12:34:51,80.56.4.11,60253,251.187.234.241,4106,TCP,43,0,2080,20,1292,S,394364,305450,25002
4822,XSS Attack Attempt,02/05-12:34:14,2.231.21.148,16685,134.217.136.137,63076,TCP,98,0,6202,20,756,R,947553,389389,9606
6732,Port Scan Detected,02/05-12:34:49,147.20.109.26,40536,221.242.16.241,42429,TCP,75,0,9859,20,1214,U,479685,238126,14891
3734,SQL Injection Attempt,02/05-12:34:30,48.129.174.13,62335,253.235.51.252,24274,TCP,98,0,5324,20,917,P,177097,734902,29355
7396,SQL Injection Attempt,02/05-12:34:53,107.163.19.80,28785,105.22.233.37,42489,TCP,64,0,1850,20,409,F,367835,466667,18205
7174,SQL Injection Attempt,02/05-12:34:27,181.32.51.193,38430,216.81.9.8,56355,TCP,43,0,6789,20,951,A,319263,103095,17220
7650,Brute Force SSH Attack,02/05-12:34:41,155.165.18.59,49990,19.239.191.36,52306,TCP,59,0,7482,20,511,R,896314,559294,65127
5415,Port Scan Detected,02/05-12:34:26,55.222.96.28,20463,40.243.134.159,36341,TCP,43,0,9265,20,925,U,791252,910421,23343
3252,DDoS SYN Flood,02/05-12:34:52,27.242.42.245,13754,208.234.45.107,33985,TCP,96,0,6503,20,1012,S,317816,286617,16225
3286,XSS Attack Attempt,02/05-12:34:19,31.157.43.103,16354,173.214.133.70,1325,TCP,96,0,3834,20,187,F,573819,720936,1503
8088,SQL Injection Attempt,02/05-12:34:30,118.13.119.108,58633,74.221.137.111,57685,TCP,96,0,2276,20,644,S,800843,631677,16791
1897,Brute Force SSH Attack,02/05-12:34:25,81.106.16.215,43588,165.83.20.100,23332,TCP,65,0,9043,20,911,F,891781,915368,11671
1040,SQL Injection Attempt,02/05-12:34:20,241.49.137.226,46592,5.184.16.167,35746,TCP,90,0,3327,20,1037,A,746268,601636,18666
4256,Brute Force SSH Attack,02/05-12:34:46,164.33.120.158,36110,251.121.31.245,28550,TCP,33,0,2364,20,143,S,923502,278623,34599
8330,XSS Attack Attempt,02/05-12:34:57,32.131.180.16,59280,36.169.97.69,33624,TCP,70,0,1244,20,1124,S,685054,813742,7242
7314,Port Scan Detected,02/05-12:34:23,68.242.114.126,49973,17.133.56.199,64450,TCP,41,0,7347,20,515,R,544296,632714,49052
6344,XSS Attack Attempt,02/05-12:34:23,66.209.70.28,50186,108.18.157.205,21959,TCP,80,0,4454,20,920,R,146768,940164,50001
8142,Malware C&C Communication,02/05-12:34:44,194.239.141.140,16283,101.61.24.100,31121,TCP,81,0,8149,20,144,P,748324,789506,49759
1940,XSS Attack Attempt,02/05-12:34:17,140.214.255.158,13069,244.217.37.237,11781,TCP,46,0,6313,20,1193,P,895081,831767,16888
2622,DDoS SYN Flood,02/05-12:34:32,106.222.12.125,16642,114.67.165.210,4496,TCP,57,0,6917,20,893,U,119968,494281,28616
9679,SQL Injection Attempt,02/05-12:34:49,36.9.5.72,25261,112.200.241.159,65518,TCP,125,0,7109,20,1415,S,353249,832769,11505
4942,DDoS SYN Flood,02/05-12:34:35,54.129.88.245,19896,4.49.174.61,54696,TCP,68,0,9763,20,1293,A,301063,165049,42338
5950,DDoS SYN Flood,02/05-12:34:19,6.1.177.8,35111,254.28.27.146,14979,TCP,38,0,1628,20,72,U,534122,183308,9539
1279,SQL Injection Attempt,02/05-12:34:54,29.169.73.49,39336,43.93.221.137,42513,TCP,79,0,6267,20,481,R,423200,141428,36944
5930,DDoS SYN Flood,02/05-12:34:11,78.3.130.240,54181,33.124.141.143,59683,TCP,88,0,8127,20,622,R,707555,307106,19250
2896,Brute Force SSH Attack,02/05-12:34:40,128.119.70.121,38160,6.162.175.19,27311,TCP,57,0,8424,20,1191,P,630343,921744,64051
9697,Malware C&C Communication,02/05-12:34:25,14.104.39.189,32476,196.223.246.62,55790,TCP,46,0,2911,20,470,A,331713,780784,38090
8863,DDoS SYN Flood,02/05-12:34:19,56.95.1.5,47342,152.4.160.234,24186,TCP,42,0,4331,20,1415,S,404853,933516,57012
4323,DDoS SYN Flood,02/05-12:34:37,55.156.160.215,63900,49.134.125.51,3349,TCP,61,0,1920,20,746,U,597267,945093,27499
5873,DDoS SYN Flood,02/05-12:34:46,63.246.89.105,29595,72.151.68.200,26431,TCP,93,0,2962,20,1367,U,956828,645179,62912
4037,Port Scan Detected,02/05-12:34:17,148.72.211.141,48510,231.55.74.125,3657,TCP,48,0,1770,20,964,A,605132,424316,18909
2125,Brute Force SSH Attack,02/05-12:34:53,247.110.55.4,3412,163.254.222.132,39252,TCP,108,0,2373,20,67,F,325770,639740,3584
9309,XSS Attack Attempt,02/05-12:34:30,194.59.29.89,51340,238.150.152.155,45038,TCP,48,0,2265,20,366,U,231432,386992,53897
2898,Brute Force SSH Attack,02/05-12:34:20,252.184.23.182,5854,63.14.142.90,13455,TCP,108,0,5328,20,557,F,420480,277920,57282
